scenario,label,year,L1_pH_mean,L1_pH_dec,phreeqc_ok
natural,自然状态 (仅降水),1,3.905,3.907,1
natural,自然状态 (仅降水),2,3.909,3.910,1
natural,自然状态 (仅降水),3,3.911,3.911,1
natural,自然状态 (仅降水),4,3.911,3.911,1
natural,自然状态 (仅降水),5,3.827,3.729,0
natural,自然状态 (仅降水),6,3.626,3.541,0
natural,自然状态 (仅降水),7,3.439,3.345,0
natural,自然状态 (仅降水),8,3.207,3.085,0
natural,自然状态 (仅降水),9,2.968,2.874,0
natural,自然状态 (仅降水),10,2.753,2.653,0
natural,自然状态 (仅降水),11,2.504,2.373,0
natural,自然状态 (仅降水),12,2.232,2.112,0
natural,自然状态 (仅降水),13,2.036,2.000,0
natural,自然状态 (仅降水),14,2.000,2.000,0
natural,自然状态 (仅降水),15,2.000,2.000,0
natural,自然状态 (仅降水),16,2.000,2.000,0
natural,自然状态 (仅降水),17,2.000,2.000,0
natural,自然状态 (仅降水),18,2.000,2.000,0
natural,自然状态 (仅降水),19,2.000,2.000,0
natural,自然状态 (仅降水),20,2.000,2.000,0
natural,自然状态 (仅降水),21,2.000,2.000,0
natural,自然状态 (仅降水),22,2.000,2.000,0
natural,自然状态 (仅降水),23,2.000,2.000,0
natural,自然状态 (仅降水),24,2.000,2.000,0
natural,自然状态 (仅降水),25,2.000,2.000,0
natural,自然状态 (仅降水),26,2.000,2.000,0
natural,自然状态 (仅降水),27,2.000,2.000,0
natural,自然状态 (仅降水),28,2.000,2.000,0
natural,自然状态 (仅降水),29,2.000,2.000,0
natural,自然状态 (仅降水),30,2.000,2.000,0
fertilizer,常规施肥,1,8.104,10.277,1
fertilizer,常规施肥,2,10.833,11.103,1
fertilizer,常规施肥,3,11.204,11.227,1
fertilizer,常规施肥,4,11.131,10.994,0
fertilizer,常规施肥,5,10.832,10.701,0
fertilizer,常规施肥,6,10.563,10.453,0
fertilizer,常规施肥,7,10.315,10.196,0
fertilizer,常规施肥,8,10.022,9.875,0
fertilizer,常规施肥,9,9.722,9.602,0
fertilizer,常规施肥,10,9.446,9.321,0
fertilizer,常规施肥,11,9.136,8.980,0
fertilizer,常规施肥,12,8.804,8.658,0
fertilizer,常规施肥,13,8.512,8.380,0
fertilizer,常规施肥,14,8.243,8.118,0
fertilizer,常规施肥,15,7.969,7.832,0
fertilizer,常规施肥,16,7.655,7.523,0
fertilizer,常规施肥,17,7.336,7.174,0
fertilizer,常规施肥,18,7.021,6.896,0
fertilizer,常规施肥,19,6.725,6.582,0
fertilizer,常规施肥,20,6.442,6.326,0
fertilizer,常规施肥,21,6.168,6.043,0
fertilizer,常规施肥,22,5.903,5.779,0
fertilizer,常规施肥,23,5.632,5.524,0
fertilizer,常规施肥,24,5.381,5.266,0
fertilizer,常规施肥,25,5.130,5.018,0
fertilizer,常规施肥,26,4.866,4.741,0
fertilizer,常规施肥,27,4.571,4.435,0
fertilizer,常规施肥,28,4.257,4.112,0
fertilizer,常规施肥,29,3.960,3.840,0
fertilizer,常规施肥,30,3.666,3.514,0
lime_low,低量石灰 22.5,1,8.732,10.908,1
lime_low,低量石灰 22.5,2,11.230,11.295,1
lime_low,低量石灰 22.5,3,11.295,11.295,1
lime_low,低量石灰 22.5,4,11.295,11.295,1
lime_low,低量石灰 22.5,5,11.295,11.295,1
lime_low,低量石灰 22.5,6,11.295,11.295,1
lime_low,低量石灰 22.5,7,11.254,11.211,0
lime_low,低量石灰 22.5,8,11.151,11.085,0
lime_low,低量石灰 22.5,9,11.047,11.009,0
lime_low,低量石灰 22.5,10,10.966,10.923,0
lime_low,低量石灰 22.5,11,10.852,10.778,0
lime_low,低量石灰 22.5,12,10.716,10.652,0
lime_low,低量石灰 22.5,13,10.620,10.570,0
lime_low,低量石灰 22.5,14,10.547,10.504,0
lime_low,低量石灰 22.5,15,10.469,10.413,0
lime_low,低量石灰 22.5,16,10.351,10.300,0
lime_low,低量石灰 22.5,17,10.227,10.148,0
lime_low,低量石灰 22.5,18,10.108,10.066,0
lime_low,低量石灰 22.5,19,10.009,9.947,0
lime_low,低量石灰 22.5,20,9.921,9.887,0
lime_low,低量石灰 22.5,21,9.843,9.800,0
lime_low,低量石灰 22.5,22,9.774,9.732,0
lime_low,低量石灰 22.5,23,9.699,9.673,0
lime_low,低量石灰 22.5,24,9.644,9.611,0
lime_low,低量石灰 22.5,25,9.589,9.558,0
lime_low,低量石灰 22.5,26,9.521,9.478,0
lime_low,低量石灰 22.5,27,9.422,9.367,0
lime_low,低量石灰 22.5,28,9.303,9.241,0
lime_low,低量石灰 22.5,29,9.203,9.164,0
lime_low,低量石灰 22.5,30,9.105,9.034,0
lime_mid,标准石灰 45,1,9.305,10.384,1
lime_mid,标准石灰 45,2,10.381,10.378,1
lime_mid,标准石灰 45,3,10.375,10.372,1
lime_mid,标准石灰 45,4,10.369,10.366,1
lime_mid,标准石灰 45,5,10.362,10.360,1
lime_mid,标准石灰 45,6,10.357,10.355,1
lime_mid,标准石灰 45,7,10.350,10.331,0
lime_mid,标准石灰 45,8,10.350,10.340,0
lime_mid,标准石灰 45,9,10.381,10.399,0
lime_mid,标准石灰 45,10,10.435,10.448,0
lime_mid,标准石灰 45,11,10.456,10.438,0
lime_mid,标准石灰 45,12,10.455,10.447,0
lime_mid,标准石灰 45,13,10.494,10.500,0
lime_mid,标准石灰 45,14,10.556,10.569,0
lime_mid,标准石灰 45,15,10.613,10.613,0
lime_mid,标准石灰 45,16,10.630,10.635,0
lime_mid,标准石灰 45,17,10.641,10.618,0
lime_mid,标准石灰 45,18,10.657,10.671,0
lime_mid,标准石灰 45,19,10.692,10.687,0
lime_mid,标准石灰 45,20,10.740,10.762,0
lime_mid,标准石灰 45,21,10.797,10.810,0
lime_mid,标准石灰 45,22,10.863,10.877,0
lime_mid,标准石灰 45,23,10.923,10.953,0
lime_mid,标准石灰 45,24,11.003,11.026,0
lime_mid,标准石灰 45,25,11.082,11.108,0
lime_mid,标准石灰 45,26,11.150,11.163,0
lime_mid,标准石灰 45,27,11.186,11.187,0
lime_mid,标准石灰 45,28,11.202,11.196,0
lime_mid,标准石灰 45,29,11.236,11.254,0
lime_mid,标准石灰 45,30,11.274,11.259,0
lime_high,高量石灰 90,1,3.905,3.907,1
lime_high,高量石灰 90,2,8.114,11.119,1
lime_high,高量石灰 90,3,11.119,11.119,1
lime_high,高量石灰 90,4,11.163,11.232,0
lime_high,高量石灰 90,5,11.421,11.540,0
lime_high,高量石灰 90,6,11.752,11.893,0
lime_high,高量石灰 90,7,11.949,11.946,0
lime_high,高量石灰 90,8,11.947,11.938,0
lime_high,高量石灰 90,9,11.951,11.958,0
lime_high,高量石灰 90,10,11.956,11.948,0
lime_high,高量石灰 90,11,11.946,11.936,0
lime_high,高量石灰 90,12,11.944,11.940,0
lime_high,高量石灰 90,13,11.955,11.943,0
lime_high,高量石灰 90,14,11.958,11.949,0
lime_high,高量石灰 90,15,11.953,11.950,0
lime_high,高量石灰 90,16,11.952,11.956,0
lime_high,高量石灰 90,17,11.944,11.928,0
lime_high,高量石灰 90,18,11.955,11.959,0
lime_high,高量石灰 90,19,11.951,11.943,0
lime_high,高量石灰 90,20,11.959,11.950,0
lime_high,高量石灰 90,21,11.954,11.960,0
lime_high,高量石灰 90,22,11.958,11.944,0
lime_high,高量石灰 90,23,11.958,11.957,0
lime_high,高量石灰 90,24,11.959,11.959,0
lime_high,高量石灰 90,25,11.964,11.958,0
lime_high,高量石灰 90,26,11.957,11.957,0
lime_high,高量石灰 90,27,11.954,11.955,0
lime_high,高量石灰 90,28,11.947,11.947,0
lime_high,高量石灰 90,29,11.957,11.957,0
lime_high,高量石灰 90,30,11.947,11.931,0
fertilizer_lime,施肥+标准石灰,1,9.717,10.880,1
fertilizer_lime,施肥+标准石灰,2,10.925,10.955,1
fertilizer_lime,施肥+标准石灰,3,10.961,10.976,1
fertilizer_lime,施肥+标准石灰,4,11.020,11.041,1
fertilizer_lime,施肥+标准石灰,5,11.041,11.042,1
fertilizer_lime,施肥+标准石灰,6,11.056,11.069,1
fertilizer_lime,施肥+标准石灰,7,11.069,11.069,1
fertilizer_lime,施肥+标准石灰,8,11.057,11.021,0
fertilizer_lime,施肥+标准石灰,9,11.026,11.019,0
fertilizer_lime,施肥+标准石灰,10,11.020,11.007,0
fertilizer_lime,施肥+标准石灰,11,10.980,10.936,0
fertilizer_lime,施肥+标准石灰,12,10.918,10.884,0
fertilizer_lime,施肥+标准石灰,13,10.896,10.876,0
fertilizer_lime,施肥+标准石灰,14,10.897,10.885,0
fertilizer_lime,施肥+标准石灰,15,10.893,10.868,0
fertilizer_lime,施肥+标准石灰,16,10.849,10.829,0
fertilizer_lime,施肥+标准石灰,17,10.800,10.751,0
fertilizer_lime,施肥+标准石灰,18,10.755,10.743,0
fertilizer_lime,施肥+标准石灰,19,10.729,10.698,0
fertilizer_lime,施肥+标准石灰,20,10.716,10.713,0
fertilizer_lime,施肥+标准石灰,21,10.712,10.699,0
fertilizer_lime,施肥+标准石灰,22,10.717,10.705,0
fertilizer_lime,施肥+标准石灰,23,10.716,10.721,0
fertilizer_lime,施肥+标准石灰,24,10.735,10.733,0
fertilizer_lime,施肥+标准石灰,25,10.754,10.754,0
fertilizer_lime,施肥+标准石灰,26,10.760,10.748,0
fertilizer_lime,施肥+标准石灰,27,10.735,10.711,0
fertilizer_lime,施肥+标准石灰,28,10.691,10.659,0
fertilizer_lime,施肥+标准石灰,29,10.664,10.657,0
fertilizer_lime,施肥+标准石灰,30,10.640,10.600,0
precip_increase,降水+2%/年,1,3.905,3.907,1
precip_increase,降水+2%/年,2,3.909,3.910,1
precip_increase,降水+2%/年,3,3.911,3.911,1
precip_increase,降水+2%/年,4,3.911,3.911,1
precip_increase,降水+2%/年,5,3.800,3.688,0
precip_increase,降水+2%/年,6,3.574,3.481,0
precip_increase,降水+2%/年,7,3.366,3.260,0
precip_increase,降水+2%/年,8,3.102,2.961,0
precip_increase,降水+2%/年,9,2.824,2.713,0
precip_increase,降水+2%/年,10,2.569,2.450,0
precip_increase,降水+2%/年,11,2.268,2.108,0
precip_increase,降水+2%/年,12,2.025,2.000,0
precip_increase,降水+2%/年,13,2.000,2.000,0
precip_increase,降水+2%/年,14,2.000,2.000,0
precip_increase,降水+2%/年,15,2.000,2.000,0
precip_increase,降水+2%/年,16,2.000,2.000,0
precip_increase,降水+2%/年,17,2.000,2.000,0
precip_increase,降水+2%/年,18,2.000,2.000,0
precip_increase,降水+2%/年,19,2.000,2.000,0
precip_increase,降水+2%/年,20,2.000,2.000,0
precip_increase,降水+2%/年,21,2.000,2.000,0
precip_increase,降水+2%/年,22,2.000,2.000,0
precip_increase,降水+2%/年,23,2.000,2.000,0
precip_increase,降水+2%/年,24,2.000,2.000,0
precip_increase,降水+2%/年,25,2.000,2.000,0
precip_increase,降水+2%/年,26,2.000,2.000,0
precip_increase,降水+2%/年,27,2.000,2.000,0
precip_increase,降水+2%/年,28,2.000,2.000,0
precip_increase,降水+2%/年,29,2.000,2.000,0
precip_increase,降水+2%/年,30,2.000,2.000,0
temp_increase,增温+0.05°C/年,1,3.905,3.907,1
temp_increase,增温+0.05°C/年,2,3.909,3.910,1
temp_increase,增温+0.05°C/年,3,3.911,3.911,1
temp_increase,增温+0.05°C/年,4,3.911,3.911,1
temp_increase,增温+0.05°C/年,5,3.827,3.729,0
temp_increase,增温+0.05°C/年,6,3.626,3.541,0
temp_increase,增温+0.05°C/年,7,3.439,3.346,0
temp_increase,增温+0.05°C/年,8,3.207,3.085,0
temp_increase,增温+0.05°C/年,9,2.968,2.874,0
temp_increase,增温+0.05°C/年,10,2.753,2.653,0
temp_increase,增温+0.05°C/年,11,2.504,2.373,0
temp_increase,增温+0.05°C/年,12,2.232,2.112,0
temp_increase,增温+0.05°C/年,13,2.036,2.000,0
temp_increase,增温+0.05°C/年,14,2.000,2.000,0
temp_increase,增温+0.05°C/年,15,2.000,2.000,0
temp_increase,增温+0.05°C/年,16,2.000,2.000,0
temp_increase,增温+0.05°C/年,17,2.000,2.000,0
temp_increase,增温+0.05°C/年,18,2.000,2.000,0
temp_increase,增温+0.05°C/年,19,2.000,2.000,0
temp_increase,增温+0.05°C/年,20,2.000,2.000,0
temp_increase,增温+0.05°C/年,21,2.000,2.000,0
temp_increase,增温+0.05°C/年,22,2.000,2.000,0
temp_increase,增温+0.05°C/年,23,2.000,2.000,0
temp_increase,增温+0.05°C/年,24,2.000,2.000,0
temp_increase,增温+0.05°C/年,25,2.000,2.000,0
temp_increase,增温+0.05°C/年,26,2.000,2.000,0
temp_increase,增温+0.05°C/年,27,2.000,2.000,0
temp_increase,增温+0.05°C/年,28,2.000,2.000,0
temp_increase,增温+0.05°C/年,29,2.000,2.000,0
temp_increase,增温+0.05°C/年,30,2.000,2.000,0
